user;tweet;date;likes;comments;repost;views
FabrizioRomano;"?????? Maurizio Sarri and Lazio, deal set to be signed next week on two year contract plus option.

Story revealed yesterday, confirmed. ?? https://t.co/88e2AEab9S";01/06/2025 16:44;2179;152;136;287838
FabrizioRomano;"?????? Caoimhin Kelleher to Brentford, here we go! Deal done for the goalkeeper to join from Liverpool on £18m package fee add-ons included.

Mark Flekken will leave Brentford and join Bayer Leverkusen for €10m ???????? https://t.co/uDfhSEoV8U";01/06/2025 16:43;10458;463;891;358463
FabrizioRomano;???? UEFA Team of the Season for UCL campaign 2024/25 has been released! ? https://t.co/hml4zaZkLk;01/06/2025 16:40;9369;579;740;346893
FabrizioRomano;???? Ousmane Dembélé wins Best Player of the Season Award from UEFA for UCL. https://t.co/H4dot33cOv;01/06/2025 16:40;7584;401;597;262770
FabrizioRomano;???? Désiré Doué wins Young Player of the Season Award from UEFA for UCL. https://t.co/uYsmdE2eKa;01/06/2025 16:39;7678;294;584;244108
FabrizioRomano;"??? Francesco Acerbi has rejected to join Italian national team for the upcoming international games.

“Acerbi informed me by text message this morning, we move on”, says Italy coach Luciano Spalletti. https://t.co/dDuzj3uCzX";01/06/2025 14:20;26890;613;1053;1856550
FabrizioRomano;"?? OFFICIAL: Matheus Cunha joins Man United on five year deal plus one year option from Wolves.

All documents signed after £62.5m release clause has been triggered earlier this week.

First signing of the summer for Man Utd. https://t.co/iesnVyEBaC";01/06/2025 14:03;74739;1672;7682;3027213
FabrizioRomano;??????? #MUFC https://t.co/RrDwa8JrqJ;01/06/2025 14:01;22249;308;1234;2103199
FabrizioRomano;????? #LFC https://t.co/1zhIRzH9a7;01/06/2025 13:15;39278;844;2849;3892185
FabrizioRomano;"???? Ter Stegen on Joan García and Barça talks: “No one has spoken to me about this… but it doesn't concern me too much. I know that I WILL be in Barcelona next year”.

“For me the situation has not changed in principle. I’m very excited for next season”. https://t.co/8frpV3AKm0";01/06/2025 12:43;20444;971;937;1810169
FabrizioRomano;"???? Manchester City and OL are in club to club talks for Rayan Cherki, deal expected to advance fast next week.

Price tag will be in excess of €30m for Cherki; Man City are confident.

2?? #MCFC mantain their plan: Cherki and Reijnders deals to be done in the next days. https://t.co/NQNfJqWncH";01/06/2025 12:40;34934;662;2525;2561099
FabrizioRomano;"?????? Robert Lewandowski: “I will stay at Barça, it’s not even a topic. For sure”.

“I’m sure our team will be stronger and I want to win even more”. https://t.co/fB0JPtt1qj";01/06/2025 12:08;39082;432;1646;1529406
FabrizioRomano;"?????? Nasser Al Khelaifi: “Now our mission is to win the FIFA Club World Cup and then the Champions League again”.

“That’s our mentality”. https://t.co/Lg2xzsvUl6";01/06/2025 11:41;100913;1108;4930;2903658
FabrizioRomano;"?????? Fenerbahçe have agreed deal to sign Amara Diouf, one of the best talents in Africa.

Negotiations at final stages for a player who was in the list of several clubs and he’s joining Fener, as per @yagosabuncuoglu. https://t.co/zvhJ4tVOH0";01/06/2025 11:16;34721;581;1577;3470682
FabrizioRomano;"?????? Bayer Leverkusen agree deal to sign Mark Flekken as new goalkeeper, all set to be sealed with Brentford.

It was always the plan to bring in new GK and it’s now all done for €10m transfer fee.

Medical tests to follow shortly, as @Plettigoal @PippoArens report. https://t.co/J0jUHkubNj";01/06/2025 10:52;23703;486;1195;2308385
FabrizioRomano;????? #Bayer04 https://t.co/95d4DZUhyE;01/06/2025 10:52;8807;163;280;2071525
FabrizioRomano;"?????? Paris Saint-Germain will try to get Franco Mastantuono deal done as talks have been ongoing for weeks.

Nothing sealed or agreed yet but PSG will try to anticipate several top European clubs and sign the Argentinian gem.

One to watch in the next days/weeks. https://t.co/MKbT9mQ15M";01/06/2025 09:31;38041;786;2017;3236680
FabrizioRomano;"???? Maurizio Sarri, on the verge of becoming new Lazio manager as exclusively reported yesterday.

Process on course to complete two year deal plus option, get it signed and return to the club. https://t.co/xZbFNR0xIE";01/06/2025 08:12;15971;424;836;1878274
FabrizioRomano;"?? Simone Inzaghi will meet with Inter board at the beginning of next week to discuss his future.

The chances to part ways are concrete with Al Hilal proposal available on the table. ?????? https://t.co/4FbuvfATJa";01/06/2025 07:10;38816;627;1925;2582504
FabrizioRomano;"?? Donnarumma on his future: “New deal or leaving? We will see what happens… I don’t know”.

“It’s time to enjoy this magic season now. I will go on holiday and then we will see”, told Sky. https://t.co/dEc44Rcgw6";01/06/2025 02:13;41983;483;1653;2179823
FabrizioRomano;"??? Luis Enrique: “I’d give the Ballon d’Or to mr Ousmane Dembélé”.

“The way he defended tonight… only that can be worth the Ballon d’Or. This is how you lead a team. Goals, titles, leadership, defending, how he was pressing…”.

“Ousmane is my Ballon d’Or. No doubts at all”. https://t.co/2fjuHO51kM";31/05/2025 23:48;250484;1671;17809;7922687
FabrizioRomano;???? Luis Enrique. What a manager. https://t.co/lHLPiwOxaY;31/05/2025 23:20;103922;402;5188;2301963
FabrizioRomano;"?? ????????????????: Désiré Doué wins the ?????? ???? ?????? ?????????? Award in Champions League final ??

Two goals, one assist, 19 years old. ???????????? ??????. ? https://t.co/dVEthqlCtA";31/05/2025 23:11;112243;626;5841;2731868
FabrizioRomano;??????? Luis Enrique: “Xana is not physically here, but she is always connected to me and she is enjoying this time with us”. https://t.co/zS2PYxN5iG;31/05/2025 22:59;204575;602;9944;5098341
FabrizioRomano;"?? Simone Inzaghi on Al Hilal proposal or staying at Inter: “My future? We will see in the next days”.

“I will meet with the club and we will assess the situation together”. https://t.co/EwRDToL66R";31/05/2025 22:51;41590;519;1699;2941013
FabrizioRomano;???? Paris Saint-Germain lift the Champions League for the first time! ?? https://t.co/DyZygPq1Cv;31/05/2025 22:21;127529;1020;8501;2922917
FabrizioRomano;?????? Paris St Germain destroy Inter and win the final with the largest margin in Champions League history! ???? https://t.co/yDsExvhxjp;31/05/2025 21:52;207392;2289;14850;6003229
FabrizioRomano;"Nasser Al Khelaifi, Luis Enrique and Luis Campos have built a fantastic team.

Top talents, not only big superstars like before, excellent mentality and élité coach.

Well deserved Treble for PSG. ????";31/05/2025 21:39;108404;1135;8695;4382561
FabrizioRomano;???? Brace in Champions League final, insane season. Insane signing. Désiré Doué. https://t.co/siQXpDHeBk;31/05/2025 21:23;70535;833;3769;2551823
FabrizioRomano;"?????? 10 G/A on first Champions League season at PSG for Désiré Doué.

Top signing, super talent. ????? https://t.co/IBurw4Hm6F";31/05/2025 20:28;46728;474;2298;1972895
FabrizioRomano;???? 9 goals, 14 assists this season for Achraf Hakimi. Fantastic season for PSG right back. https://t.co/J5WJeDtP5H;31/05/2025 20:14;103815;990;5565;3377519
FabrizioRomano;@lotitofobico È pronto il contratto.. aspettiamo che firmi;31/05/2025 19:28;1653;107;46;485290
FabrizioRomano;"?? Barça director Deco: “Gyökeres is a great striker who did excellent things at Sporting but we’re currently not looking for that position”.

“We have Lewandowski at number 9”. https://t.co/Yg1SlvH9uF";31/05/2025 18:34;79462;2157;3169;4541931
FabrizioRomano;"???? Understand Lazio are closing in on verbal agreement with Maurizio Sarri to return as new coach.

Two year contract plus one year option in case Lazio reach UCL qualification during one of the two years, club sources confirm.

Staff being clarified before signing. https://t.co/wx6AISK02T";31/05/2025 18:29;21796;472;1314;3313569
FabrizioRomano;???????? #MCFC https://t.co/bC2Qv1s1po;31/05/2025 17:55;38150;921;2189;5685370
FabrizioRomano;"?? Inter president Marotta: “PSG director Campos anticipates the market, he signed Bernardo Silva for Monaco when he was at Benfica B team!”.

“That shows the vision, for sure”, told El Pais. https://t.co/GexnfftpRK";31/05/2025 17:55;27820;211;1166;2161504
FabrizioRomano;"?????? EXCLUSIVE: Olympique Lyon have made a proposal to Junior Firpo as free agent with negotiations underway.

OL are pushing to make it happen with Firpo available with contract due to expire at Leeds United.

AC Milan are also keen if Theo Hernández leaves. https://t.co/76fiMf9oCZ";31/05/2025 15:02;26254;874;1366;3712081
FabrizioRomano;"?????? Sergio Reguilón, assessing options on the market as he’s available as free agent with several clubs making contact.

Movements already started after former Real Madrid and Man United left back said goodbye to Spurs. https://t.co/68AGsduNfT";31/05/2025 14:57;32749;853;1282;3619743
FabrizioRomano;"?? Onur Cinel, attracting interest after terminating his contract with Red Bull Salzburg.

Championship, Dutch and German clubs have made contact as he will pick his next step as head coach very wisely and remains crucial part of Ralf Rangnick’s ÖFB team. https://t.co/B2sB6A4u3Y";31/05/2025 14:55;9239;194;384;1608663
FabrizioRomano;"?????? The agreement between Barça and Joan García on long term deal is now very advanced, almost done.

Negotiations underway with Spanish GK with club confident to get his green light in the upcoming days.

Barça want to get it done asap and anticipate Premier League clubs. https://t.co/xYIGPLyOHp";31/05/2025 13:48;97164;2441;8520;14230804
FabrizioRomano;?????? #FCB https://t.co/IWjlRuZhNG;31/05/2025 13:40;58520;1539;3780;8828844
FabrizioRomano;"RT @FabrizioRomano: ???? Manchester City are set to submit their opening bid also for Rayan Cherki next week.

The plan is to accelerate for…";31/05/2025 13:10;0;0;3290;7
FabrizioRomano;?????? Official, exclusive story confirmed: John Heitinga returns to Ajax as new head coach. https://t.co/qMjLWEWQ9I;31/05/2025 12:01;23986;263;1159;2263128
FabrizioRomano;????????? #Napoli https://t.co/9ssPpEQWwj;31/05/2025 11:47;46724;433;2181;4501813
FabrizioRomano;"RT @FabrizioRomano: ?????? Napoli next priority after Antonio Conte’s decision to stay is to seal Kevin De Bruyne deal soon.

Napoli director…";31/05/2025 11:43;0;0;3427;5
FabrizioRomano;"???? Spurs confirm Kevin Danso has been signed permanently from Lens after the obligation to buy in his loan deal was triggered.

€25m total package. https://t.co/0liCFrWrkk";31/05/2025 10:40;45435;408;2056;2893330
FabrizioRomano;"???? Timo Werner leaves Tottenham and returns to RB Leipzig after loan deal.

He will leave Leipzig this summer and ready for new move. ?? https://t.co/dJ5dYFUHNu";31/05/2025 10:18;58461;672;2609;3982728
FabrizioRomano;?? Fraser Forster, Sergio Reguilon and Alfie Whiteman leave Spurs following the conclusion of their contracts. https://t.co/zuRyZvas1x;31/05/2025 10:13;24263;231;997;2503534
FabrizioRomano;Exclusive story confirmed: Miron Muslic signs in as Schalke04 head coach ???? https://t.co/aRjvwyGaXf https://t.co/TxcQNGyBQp;31/05/2025 10:07;9818;165;406;2436522
FabrizioRomano;?????? Andrey Santos confirms plan to play for Chelsea: “Everyone knows about my love, my desire to play for Chelsea”, told Daily Mail. https://t.co/bS91RlGwXl;31/05/2025 09:47;49448;432;2687;2060259
FabrizioRomano;"?????? Diego Simeone: ""There’s a clear intention to be title contenders again. That’s why I’m here. That's why I'm staying”.

“I want more at this club”, told @simplefutbol_ok. https://t.co/BiLee44zLT";31/05/2025 09:38;52808;633;2158;2887762
FabrizioRomano;"???? Manchester City are set to submit their opening bid also for Rayan Cherki next week.

The plan is to accelerate for Cherki and try get Tijjani Reijnders deal sealed in the upcoming days. https://t.co/juwnMa8l3s";31/05/2025 09:10;56239;872;3290;11545396
FabrizioRomano;???? Liverpool will pay €35m fee for Jeremie Frimpong in three annual installments as part of the agreement with Bayer Leverkusen. https://t.co/D11eHAmXwm;31/05/2025 09:01;47324;526;2103;5707147
FabrizioRomano;RT @fantasy_pepe: Here we come! PSG or Inter? Predict here?? https://t.co/eaxp0HbMf8 https://t.co/A1iTqWZfgS;31/05/2025 09:01;0;0;126;2
FabrizioRomano;"???? Chelsea have already started working internally on new deal to be proposed to Moisés Caicedo.

Talks to start soon. ???? https://t.co/6RHf0yw1Ew";31/05/2025 07:57;56672;717;2917;2928172
FabrizioRomano;"?? Official: Jonny Evans ?????????????? from professional football after leaving United ??????

?? x4 Community Shield
?? x3 Premier League
?? x2 Football League Cup
?? x1 Champions League
?? x1 FA Cup
?? x1 Club World Cup https://t.co/v9nHhh8EpI";31/05/2025 07:00;145996;1778;12331;4860050
FabrizioRomano;"?? Paris Saint-Germain are in concrete talks to sign Franco Mastantuono from River.

Not a done deal yet but initial contacts made as per @GerGarciaGrova.

? No issues on Cunha deal.
? Luis Diaz/Hancko in Al Nassr list.
? Walker leaves Milan.

?? More: https://t.co/SqPak8pfYY https://t.co/RHiV9FSYhd";30/05/2025 23:24;27945;791;1591;4200075
FabrizioRomano;"???????????????? Plans confirmed for Kyle Walker: AC Milan will not activate the buy option, Walker will formally return to Man City…

…and then he will leave again as Walker will not travel for FIFA Club World Cup.

Several approaches already started for new solution. https://t.co/LhpW6XzYuE";30/05/2025 22:40;46723;476;2314;3614459
FabrizioRomano;"???? Pep Lijnders will start working for Manchester City from June as he’s gonna be available for FIFA Club World Cup.

Pep Guardiola, waiting for him. https://t.co/SIRAq0CG6f";30/05/2025 22:28;51572;671;2427;3505067
FabrizioRomano;"RT @gamdomsport: Champions League heartbreak in 2020 for PSG and for Inter in 2023. ??

Now they clash again - one moves forward, one will f…";30/05/2025 22:28;0;0;508;1
FabrizioRomano;"?????? Al Nassr consider Luis Diaz as one of their main targets for the summer window to re-start with ambitious plan.

Barcelona have also Luis Diaz on the list, but it depends on financial request by Liverpool.

?????? Al Nassr have Hancko and Luis Diaz among top priorities. https://t.co/xjLAk8VkAe";30/05/2025 22:09;36199;826;2341;4175454
FabrizioRomano;?????? Al Nassr and Luis Diaz, exclusive story from April… still ongoing. https://t.co/dizT3Qb2jC;30/05/2025 22:08;35558;830;1994;8607395
FabrizioRomano;"???? Chelsea have exchanged documents with Ipswich Town tonight confirming £30m for Liam Delap.

Medical booked on Monday. ???? https://t.co/utLWes7Fzq";30/05/2025 22:06;56078;535;3434;2647731
FabrizioRomano;"???? Gian Piero Gasperini’s contract at AS Roma includes special bonuses in case of UCL qualification and Serie A title win.

The contract will be valid until June 2028. https://t.co/nMtStYLElg";30/05/2025 22:06;17337;170;890;1877318
FabrizioRomano;"???? David De Gea has just signed new deal at Fiorentina until June 2028.

After AS Monaco approaches, De Gea picks Fiorentina project. https://t.co/1LCgZWA0ZI";30/05/2025 19:44;64084;366;3054;3033912
FabrizioRomano;"???? Pep Lijnders, set to become part of Manchester City staff as he will join Pep Guardiola’s team.

Exclusive story confirmed… and Kolo Touré could be next. ?? https://t.co/Of2aV8uzMd";30/05/2025 19:43;41302;879;2418;6349626
FabrizioRomano;RT @FabrizioRomano: ???? EXCLUSIVE: Kolo Touré and Pep Lijnders are two options under consideration at Manchester City to be part of Pep Guar…;30/05/2025 19:42;0;0;2112;4549
FabrizioRomano;@City_Xtra ?????;30/05/2025 19:42;1350;27;44;55270
FabrizioRomano;???? Real Madrid confirm Jesus Vallejo leaves the club as he’s out of contract and it won’t be extended. https://t.co/HHFtYCG5fg;30/05/2025 19:39;38434;388;1524;2169435
FabrizioRomano;"?????? BREAKING: AS Roma agree three year deal with Gian Piero Gasperini as new head coach.

Gasperini leaves Atalanta after 9 years as expected and joins AS Roma project. https://t.co/jJvWrtpT4W";30/05/2025 19:15;86064;864;5455;6012826
FabrizioRomano;"?????? Mario Branco has decided to part ways with Fenerbahçe SK after three seasons at the club.

The Portuguese sporting director was responsible for several high-profile moves to Istanbul including José Mourinho, Milan Škriniar, Fred or Dušan Tadi?. Also key for wonder kid Arda https://t.co/2jbbn6mlKo";30/05/2025 19:15;15513;342;688;2529290
FabrizioRomano;???? The negotiations between Napoli and Alex Meret over new deal at the club remain at final stages. https://t.co/iWTLCJa1On;30/05/2025 17:56;19178;211;790;1926680
FabrizioRomano;"?????? AS Roma are confident to seal the agreement with Gian Piero Gasperini on three year contract, as planned.

Negotiations at the final stages, as @Fil_Biafora reports. https://t.co/U7NCoryLtP";30/05/2025 17:09;22586;307;1205;2411910
FabrizioRomano;????? Official, confirmed. Jeremie Frimpong joins Liverpool on €35m deal from Bayer Leverkusen. https://t.co/VQTmNoL1qx;30/05/2025 17:04;98524;693;6172;3239853
FabrizioRomano;?? Jeremie Frimpong to Liverpool, official in 4 minutes. The first signing of the summer for Arne Slot.;30/05/2025 16:56;72022;708;2922;9579825
FabrizioRomano;?????? Simone Inzaghi on Al Hilal approaches: “I’m happy here at Inter. I feel good and I’ve everything to do important things at this club”. https://t.co/zeGQqY1VbP;30/05/2025 16:16;33446;342;1527;3017486
FabrizioRomano;"?? Rúben Amorim on Al Hilal pushing to sign Bruno Fernandes: “My feeling is that Bruno wants to stay. He is saying no to a lot of things”.

“The club can find other ways to make money”. ????

“I feel he wants to stay for sure with Man United, you never know”, via @lauriewhitwell. https://t.co/aMs4reghWj";30/05/2025 15:57;42127;707;2626;3253538
FabrizioRomano;"?????? EXCL: Al Ain agree deal to sign Rui Patricio as new goalkeeper on short term contract for FIFA Club World Cup.

Verbal agreement in place with Portuguese GK. https://t.co/FWdUOfzBGc";30/05/2025 15:55;22736;196;1189;2667010
FabrizioRomano;"RT @FabrizioRomano: ???? Manchester City made contact to start initial talks for Rayan Cherki as target for #10 position.

He’s top of the li…";30/05/2025 15:42;0;0;3410;1240
FabrizioRomano;"?????? AC Milan keep working on deal to sign Samuele Ricci since January, he’s still one of the main targets.

No issues on personal terms as Ricci’s keen on the move, clubs again in contact with discussions underway for months. https://t.co/VHLxQvtdoX";30/05/2025 15:16;19232;255;1083;2239012
FabrizioRomano;"RT @FabrizioRomano: ?????? Understand AC Milan have made concrete progress to sign Samuele Ricci as new midfielder from season 2025/26.

He’s…";30/05/2025 15:15;0;0;1388;997
FabrizioRomano;"?????? Al Hilal are in direct contact with AC Milan for Theo Hernández as he’s a priority target for the Saudi side.

No agreement club to club yet and still waiting for player’s decision, as Theo didn’t give green light to move so far.

?????? @MatteMoretto https://t.co/p6TAgQXUf7 https://t.co/Y55NhaVJpf";30/05/2025 15:14;30163;718;2236;4900267
FabrizioRomano;"??? The structure of the add-ons is the final detail being negotiated between Liverpool and Bayer Leverkusen for Florian Wirtz.

The deal is expected to happen soon, as it’s always been the case: optimism and not a long saga. ?? https://t.co/FVpfk4DkI9";30/05/2025 13:29;59790;742;4366;3553879
FabrizioRomano;"???? More on Florian Wirtz deal. Talks are advancing as reported earlier with club optimistic as Liverpool proposal around €130m is now on the table.

Negotiations are underway on structure of the add-ons, key to get the agreement sealed.

Wirtz ONLY wants Liverpool. ??? https://t.co/dpxdQVSSHV";30/05/2025 13:21;88969;1336;6811;5858372
FabrizioRomano;"?????? Ajax have agreed deal to appoint John Heitinga as new head coach on two year contract.

Exclusive story confirmed as Liverpool gave their green light earlier this week and Heitinga will go back to Ajax. ???? https://t.co/cp8ZkH6j4a";30/05/2025 12:35;29540;430;1777;2801697
FabrizioRomano;????? #Ajax https://t.co/ZqvqYDOgpQ;30/05/2025 12:32;11240;134;418;2889488
FabrizioRomano;??? Negotiations underway between Man City and AC Milan for Reijnders, as reported earlier today. ?? https://t.co/w8ySbQ11bN;30/05/2025 12:02;22872;414;1398;3581270
FabrizioRomano;???? Understand the release clause into Trent Alexander-Arnold’s contract will be €1B. https://t.co/lK2dgpy3n0;30/05/2025 11:03;165867;3253;6885;11466765
FabrizioRomano;"???? Understand Real Madrid to pay transfer fee around €10m to Liverpool to have Trent Alexander-Arnold at the Club World Cup.

Real will also cover his salary for June and July as part of the agreement with Liverpool. https://t.co/Y4lCeqsadX";30/05/2025 11:00;97331;2203;5452;9942589
FabrizioRomano;"???? BREAKING: Trent Alexander-Arnold joins Real Madrid and he will play the FIFA Club World Cup.

Contract until June 2031 as Real Madrid see Trent as the best right back in the world, the missing piece to their puzzle. https://t.co/LIUoy4k0yS";30/05/2025 11:00;127184;1528;9420;4985776
FabrizioRomano;"?????? Official, confirmed. Max Allegri has been appointed as new AC Milan head coach.

Two year deal plus one year as option. https://t.co/vgD4fqBCOu";30/05/2025 10:46;35955;316;1937;2413420
FabrizioRomano;"?? The negotiations between Liverpool and Bayer Leverkusen continue well with club to club agreement getting closer.

Liverpool expect it to be matter of time then Wirtz will join the club, as he told Bayer last week about his clear plan to sign for #LFC. https://t.co/w0XtvrEGdB";30/05/2025 10:12;61149;877;4661;3652564
FabrizioRomano;????? Miron Muslic, new Schalke head coach as exclusively revealed. https://t.co/TxcQNGyBQp;30/05/2025 10:07;11860;210;455;2779063
FabrizioRomano;"??? Jeremie Frimpong deal, all signed and sealed with official announcement now imminent.

Liverpool have their new right back for €35m. https://t.co/addXBvE1n2";30/05/2025 08:50;132299;1432;9794;5910571
FabrizioRomano;"???? Manchester City initial bid for Tijjani Reijnders has been received by AC Milan in the recent hours.

Proposal worth around €60m including add-ons, AC Milan want more to let the midfielder leave.

Negotiations are advancing. ???? https://t.co/iUaLERcLsh";30/05/2025 08:40;40242;633;2434;6412480
FabrizioRomano;"?? Ermedin Demirovi? could leave Stuttgart this summer as he’s currently not happy with game time.

Demirovi?, top scorer with 25 G/A and 15 goals in Bundesliga — one goal each 123 mins, after also being Cup winner on first season. https://t.co/xuhixdV0b1";30/05/2025 08:31;16628;301;699;2449734
FabrizioRomano;"???? FC Porto are closing in on Gabri Veiga deal from Al Ahli with negotiations progressing to final stages.

There are still some details to clarify for Spanish midfielder to join Porto but deal at very advanced stages. https://t.co/Ql39aJXbCe";30/05/2025 07:31;22235;430;1284;2512916
FabrizioRomano;"?? Understand Wolves have now approached Liverpool for 18 year old highly rated talent Kieran Morrison.

Wolves have genuine interest, as he’s on their shortlist with more clubs around Europe also keen. https://t.co/8CIyI51oKq";30/05/2025 07:00;22081;301;954;2490092
FabrizioRomano;RT @FabrizioRomano: ???? Real Madrid mantain their hope to get Trent Alexander-Arnold at the club before the Club World Club, as always plan…;30/05/2025 00:00;0;0;2121;476
