tweet_id,user,tweet,date,likes,comments,repost,views,quotes,bookmarks,is_retweet,is_reply,has_media
1929580046043295800,FabrizioRomano,"🚨🔵 Liam Delap has completed also final part of medical tests at Chelsea and he can be considered new #CFC player.

£30m move completed from Ipswich. https://t.co/DZeLXgUHCN",Mon Jun 02 16:45:07 +0000 2025,23261,772,2071,790538,225,139,False,False,True
1929575247809757402,FabrizioRomano,"🚨🇦🇷 Understand Real Madrid will make final decision soon on Nico Páz situation.

More contacts to follow in the coming days as Real can bring Nico back for €8m buy back clause, internal talks are taking place with Xabi Alonso.

Como still hope to keep him for one more season. https://t.co/QALSwkO1fr",Mon Jun 02 16:26:03 +0000 2025,10146,199,554,685682,39,84,False,False,True
1929566536966004740,FabrizioRomano,"🚨🔴🔵 Patrick Vieira has been approached by two Italian clubs in the recent weeks but Genoa insist to keep him.

Genoa are set to offer new contract to Vieira after excellent job at the club this season.

Negotiations to follow. https://t.co/1uu48xTQXv",Mon Jun 02 15:51:26 +0000 2025,15347,211,758,937596,34,72,False,False,True
1929550567145156821,FabrizioRomano,"🚨🦅 EXCL: Benfica and Roma reach agreement for permanent transfer of Samuel Dahl.

Final documents done, €9m transfer fee and 4 year contract signed with the player back in January. https://t.co/N1ss2DS8HV",Mon Jun 02 14:47:59 +0000 2025,13951,256,758,1486230,211,100,False,False,True
1929546662248169754,FabrizioRomano,"🚨🔵 More on Rayan Aït-Nouri story from last week. Understand the left back has already said yes to Manchester City.

Negotiations to advance soon between Man City and Wolves for the left back as reported 10 days ago, on top of the list. https://t.co/7Pf9A7iLLl",Mon Jun 02 14:32:28 +0000 2025,19080,430,1321,1299358,262,184,False,False,True
1929541036985987519,FabrizioRomano,"🚨🏆 PSG chairman Nasser Al Khelaifi: “We need to be very humble today, work harder, work even more to improve ourselves, to improve our team”.

“The young players already – I told them, I said, guys, we celebrate yesterday and of course you go with the national team. The day you https://t.co/uuw9VjS2Yy",Mon Jun 02 14:10:07 +0000 2025,26937,303,1318,1530924,64,246,False,False,True
1929538695209566447,FabrizioRomano,"🚨❌ Lamine Yamal: “Me to Real Madrid? Impossibile, no way”, told COPE. https://t.co/V2BS1nc4Yw",Mon Jun 02 14:00:48 +0000 2025,72491,1765,3099,3331577,647,848,False,False,True
1929537862132736311,FabrizioRomano,"⚫️🔵🇧🇷 Luis Henrique will undergo medical tests as new Inter player on Tuesday.

€25m package deal agreed with OM last week, player due to land in Milano in the next hours. https://t.co/DVoG87JR7e",Mon Jun 02 13:57:30 +0000 2025,18184,228,915,1219759,65,103,False,False,True
1929524755201159240,FabrizioRomano,"🚨❤️🤍 OFFICIAL: Antoine Griezmann signs new deal at Atlético Madrid until June 2027.

Despite proposals from MLS, Griezou has accepted Atléti’s contract bid on different salary to continue at the club. https://t.co/v7aNvFT9ae",Mon Jun 02 13:05:25 +0000 2025,32537,332,1591,1876277,156,152,False,False,True
1929494228545011833,FabrizioRomano,"🚨🔵 18 year old striker Mahamadou Sangare will undergo a medical with Manchester City.

He’s set to sign long term deal as Man City strategy is clear, sign and develop top young talents… Sangare leaves PSG on a free transfer to join #MCFC.

Here we go, confirmed. https://t.co/q9bi4WCt3V",Mon Jun 02 11:04:07 +0000 2025,42463,769,2282,4051577,593,530,False,False,True
