tweet_id,user,tweet,date,likes,comments,repost,views,is_retweet,is_reply,has_media
1929371608839332061,FabrizioRomano,"🚨 Liverpool remain confident to finalize Florian Wirtz deal as new round of talks has been scheduled this week.

Club optimistic to get the agreement sealed with Bayer Leverkusen soon. https://t.co/TAkyE7Yjvy",Mon Jun 02 02:56:52 +0000 2025,13970,550,1065,567820,False,False,True
1929291429286715401,FabrizioRomano,"🚨 Chelsea remain in contact with Jadon Sancho’s camp over contract terms, still no agreement on salary so far.

Final decision will be in few days, outcome expected next week.

If contract terms are not agreed, Sancho will go back to Manchester United with £5m compensation. https://t.co/H8nDCd3WAg",Sun Jun 01 21:38:15 +0000 2025,29654,990,1825,1994806,False,False,True
1929287492819185879,FabrizioRomano,"🚨🔵 Strasbourg are set to sign Brazilian 16 year old fullback Angelo Candido from São Paulo, agreement done.

São Paulo will keep 12% sell-on clause as @mabragatchelo reports, deal in place.

One for the future with potential view on Chelsea move in the following years. 🇧🇷 https://t.co/4ZznwiVvdU",Sun Jun 01 21:22:37 +0000 2025,14863,230,825,1396643,False,False,True
1929281098355269893,FabrizioRomano,"🚨🇦🇹 Joao Sacramento, set to sign as new head coach at Austrian side LASK. Two year contract almost agreed.

Former Mourinho’s assistant at Spurs and Roma, also Galtier's assistant at PSG and Lille, considered to be a talented coach with important future ahead. https://t.co/EmcT8X1vuZ",Sun Jun 01 20:57:12 +0000 2025,12058,169,498,1298998,False,False,True
1929281083314414061,FabrizioRomano,"🎧 Here we go podcast post UCL.

◉ Florian Wirtz negotiations underway.
◉ PSG consider Mastantuono as future top player.
◉ Al Hilal push to get Simone Inzaghi’s green light.
◉ Donnarumma’s contract + Doué deal secrets. 

🎥 More @MenInBlazers: https://t.co/kw0s0JA1AE https://t.co/lwZGNHZO3k",Sun Jun 01 20:57:09 +0000 2025,9656,168,482,1265568,False,False,True
1929264051554505001,FabrizioRomano,"🚨⚪️ Spurs chairman Daniel Levy set to decide Ange Postecoglou’s future in the next days, situation open.

Thomas Frank and Marco Silva are both appreciated, discussed internally as options for Spurs job if Ange gets fired.

No final decision on Postecoglou yet. https://t.co/GNvtBcjiAD",Sun Jun 01 19:49:28 +0000 2025,46811,1134,2413,3306492,False,False,True
1929235096155857299,FabrizioRomano,"🚨🔵 Liam Delap completes first part of his medical at Chelsea and formal steps will follow early next week.

All set to get the deal official. Delap will play for Chelsea. https://t.co/mOtO4bXQp6",Sun Jun 01 17:54:25 +0000 2025,51327,867,3801,2492731,False,False,True
1929217878412108054,FabrizioRomano,"🚨⚪️⚫️ Former Toulouse president Damien Comolli has signed in as new Juventus general director.

Three year contract sealed. https://t.co/9OxVxAQqos",Sun Jun 01 16:46:00 +0000 2025,20666,503,922,2498877,False,False,True
1929202328973762883,FabrizioRomano,"🔵⚪️🦅 Maurizio Sarri and Lazio, deal set to be signed next week on two year contract plus option.

Story revealed yesterday, confirmed. ⤵️",Sun Jun 01 15:44:12 +0000 2025,12155,255,606,3252983,False,False,False
1929202088510132232,FabrizioRomano,"🚨🔴⚪️ Caoimhin Kelleher to Brentford, here we go! Deal done for the goalkeeper to join from Liverpool on £18m package fee add-ons included.

Mark Flekken will leave Brentford and join Bayer Leverkusen for €10m 🔴⚫️🇩🇪 https://t.co/uDfhSEoV8U",Sun Jun 01 15:43:15 +0000 2025,94407,1426,5929,6312921,False,False,True
1929201446731251789,FabrizioRomano,🚨🏅 UEFA Team of the Season for UCL campaign 2024/25 has been released! ✨ https://t.co/hml4zaZkLk,Sun Jun 01 15:40:42 +0000 2025,76697,2053,5206,4297724,False,False,True
1929201297355407775,FabrizioRomano,🚨🏅 Ousmane Dembélé wins Best Player of the Season Award from UEFA for UCL. https://t.co/H4dot33cOv,Sun Jun 01 15:40:06 +0000 2025,119252,1278,7551,3131338,False,False,True
1929201209123930347,FabrizioRomano,🚨🏅 Désiré Doué wins Young Player of the Season Award from UEFA for UCL. https://t.co/uYsmdE2eKa,Sun Jun 01 15:39:45 +0000 2025,88795,865,4420,2813597,False,False,True
1929166245925888507,FabrizioRomano,"🚨❌ Francesco Acerbi has rejected to join Italian national team for the upcoming international games.

“Acerbi informed me by text message this morning, we move on”, says Italy coach Luciano Spalletti. https://t.co/dDuzj3uCzX",Sun Jun 01 13:20:49 +0000 2025,51065,708,1878,4294397,False,False,True
1929161993069416774,FabrizioRomano,"🚨 OFFICIAL: Matheus Cunha joins Man United on five year deal plus one year option from Wolves.

All documents signed after £62.5m release clause has been triggered earlier this week.

First signing of the summer for Man Utd. https://t.co/iesnVyEBaC",Sun Jun 01 13:03:55 +0000 2025,110673,2009,10626,6270978,False,False,True
1929161504764448777,FabrizioRomano,🚨✅🇧🇷 #MUFC,Sun Jun 01 13:01:59 +0000 2025,32610,329,1691,3448728,False,False,False
1929149735798972755,FabrizioRomano,🔴👀⏳ #LFC,Sun Jun 01 12:15:13 +0000 2025,54025,924,3560,6813805,False,False,False
1929141735860380065,FabrizioRomano,"🚨⚠️ Ter Stegen on Joan García and Barça talks: “No one has spoken to me about this… but it doesn't concern me too much. I know that I WILL be in Barcelona next year”.

“For me the situation has not changed in principle. I’m very excited for next season”. https://t.co/8frpV3AKm0",Sun Jun 01 11:43:26 +0000 2025,29704,1150,1294,2838177,False,False,True
1929141060128694669,FabrizioRomano,"🚨🔵 Manchester City and OL are in club to club talks for Rayan Cherki, deal expected to advance fast next week.

Price tag will be in excess of €30m for Cherki; Man City are confident.

2️⃣ #MCFC mantain their plan: Cherki and Reijnders deals to be done in the next days. https://t.co/NQNfJqWncH",Sun Jun 01 11:40:45 +0000 2025,47734,722,3184,4671691,False,False,True
1929132858150392179,FabrizioRomano,"🚨🔵🔴 Robert Lewandowski: “I will stay at Barça, it’s not even a topic. For sure”.

“I’m sure our team will be stronger and I want to win even more”. https://t.co/fB0JPtt1qj",Sun Jun 01 11:08:09 +0000 2025,58373,482,2322,2352716,False,False,True
1929126060777504943,FabrizioRomano,"🚨❤️💙 Nasser Al Khelaifi: “Now our mission is to win the FIFA Club World Cup and then the Champions League again”.

“That’s our mentality”. https://t.co/Lg2xzsvUl6",Sun Jun 01 10:41:08 +0000 2025,136861,1324,6530,4457739,False,False,True
1929119806617207253,FabrizioRomano,"🚨🟡🔵 Fenerbahçe have agreed deal to sign Amara Diouf, one of the best talents in Africa.

Negotiations at final stages for a player who was in the list of several clubs and he’s joining Fener, as per @yagosabuncuoglu. https://t.co/zvhJ4tVOH0",Sun Jun 01 10:16:17 +0000 2025,43856,634,1978,4753627,False,False,True
1929113730832298082,FabrizioRomano,"🚨🔴⚫️ Bayer Leverkusen agree deal to sign Mark Flekken as new goalkeeper, all set to be sealed with Brentford.

It was always the plan to bring in new GK and it’s now all done for €10m transfer fee.

Medical tests to follow shortly, as @Plettigoal @PippoArens report. https://t.co/J0jUHkubNj",Sun Jun 01 09:52:09 +0000 2025,28018,516,1390,3240248,False,False,True
1929113711957995785,FabrizioRomano,🔴⚫️✅ #Bayer04,Sun Jun 01 09:52:04 +0000 2025,11159,176,342,2742599,False,False,False
1929093308761923599,FabrizioRomano,"🚨🔴🔵 Paris Saint-Germain will try to get Franco Mastantuono deal done as talks have been ongoing for weeks.

Nothing sealed or agreed yet but PSG will try to anticipate several top European clubs and sign the Argentinian gem.

One to watch in the next days/weeks. https://t.co/MKbT9mQ15M",Sun Jun 01 08:31:00 +0000 2025,49615,903,2424,4731883,False,False,True
1929073428172255259,FabrizioRomano,"🚨🦅 Maurizio Sarri, on the verge of becoming new Lazio manager as exclusively reported yesterday.

Process on course to complete two year deal plus option, get it signed and return to the club. https://t.co/xZbFNR0xIE",Sun Jun 01 07:12:00 +0000 2025,19110,446,967,3174721,False,False,True
1929057825474678945,FabrizioRomano,"🚨 Simone Inzaghi will meet with Inter board at the beginning of next week to discuss his future.

The chances to part ways are concrete with Al Hilal proposal available on the table. 👀🇸🇦 https://t.co/4FbuvfATJa",Sun Jun 01 06:10:00 +0000 2025,47428,675,2573,3385778,False,False,True
1928983313127006615,FabrizioRomano,"🚨 Donnarumma on his future: “New deal or leaving? We will see what happens… I don’t know”.

“It’s time to enjoy this magic season now. I will go on holiday and then we will see”, told Sky. https://t.co/dEc44Rcgw6",Sun Jun 01 01:13:55 +0000 2025,48888,510,1935,2651117,False,False,True
1928946602946814383,FabrizioRomano,"🚨✨ Luis Enrique: “I’d give the Ballon d’Or to mr Ousmane Dembélé”.

“The way he defended tonight… only that can be worth the Ballon d’Or. This is how you lead a team. Goals, titles, leadership, defending, how he was pressing…”.

“Ousmane is my Ballon d’Or. No doubts at all”. https://t.co/2fjuHO51kM",Sat May 31 22:48:02 +0000 2025,268108,1758,18932,9610470,False,False,True
1928939651487691067,FabrizioRomano,❤️💙 Luis Enrique. What a manager. https://t.co/lHLPiwOxaY,Sat May 31 22:20:25 +0000 2025,113177,411,5548,2678368,False,False,True
1928937391328289188,FabrizioRomano,"🚨 𝐎𝐅𝐅𝐈𝐂𝐈𝐀𝐋: Désiré Doué wins the 𝐌𝐚𝐧 𝐨𝐟 𝐭𝐡𝐞 𝐌𝐚𝐭𝐜𝐡 Award in Champions League final 🏅

Two goals, one assist, 19 years old. 𝑮𝒐𝒍𝒅𝒆𝒏 𝑩𝒐𝒚. ✨ https://t.co/dVEthqlCtA",Sat May 31 22:11:26 +0000 2025,119698,650,6175,3104427,False,False,True
1928934307118084490,FabrizioRomano,"❤️‍🩹💙 Luis Enrique: “Xana is not physically here, but she is always connected to me and she is enjoying this time with us”. https://t.co/zS2PYxN5iG",Sat May 31 21:59:11 +0000 2025,218949,618,10599,5838624,False,False,True
1928932427201683782,FabrizioRomano,"🚨 Simone Inzaghi on Al Hilal proposal or staying at Inter: “My future? We will see in the next days”.

“I will meet with the club and we will assess the situation together”. https://t.co/EwRDToL66R",Sat May 31 21:51:43 +0000 2025,43909,528,1805,3204375,False,False,True
1928924717857095751,FabrizioRomano,❤️💙 Paris Saint-Germain lift the Champions League for the first time! 🏆 https://t.co/DyZygPq1Cv,Sat May 31 21:21:05 +0000 2025,132901,1046,8802,3224262,False,False,True
1928917473610383852,FabrizioRomano,❤️💙🏆 Paris St Germain destroy Inter and win the final with the largest margin in Champions League history! 🇫🇷 https://t.co/yDsExvhxjp,Sat May 31 20:52:17 +0000 2025,213586,2324,15174,6748499,False,False,True
1928914377429721180,FabrizioRomano,"Nasser Al Khelaifi, Luis Enrique and Luis Campos have built a fantastic team.

Top talents, not only big superstars like before, excellent mentality and élité coach.

Well deserved Treble for PSG. 🔴🔵",Sat May 31 20:39:59 +0000 2025,111372,1144,8843,4750772,False,False,False
1928910186728563116,FabrizioRomano,"❤️💙 Brace in Champions League final, insane season. Insane signing. Désiré Doué. https://t.co/siQXpDHeBk",Sat May 31 20:23:20 +0000 2025,72346,838,3833,2699608,False,False,True
1928896489377440112,FabrizioRomano,"❤️💙⭐️ 10 G/A on first Champions League season at PSG for Désiré Doué.

Top signing, super talent. ✨🇫🇷 https://t.co/IBurw4Hm6F",Sat May 31 19:28:54 +0000 2025,49094,480,2430,2099717,False,False,True
1928892882770948521,FabrizioRomano,"❤️💙 9 goals, 14 assists this season for Achraf Hakimi. Fantastic season for PSG right back. https://t.co/J5WJeDtP5H",Sat May 31 19:14:35 +0000 2025,110439,1010,5862,3653111,False,False,True
1928867676367057221,FabrizioRomano,"🚨 Barça director Deco: “Gyökeres is a great striker who did excellent things at Sporting but we’re currently not looking for that position”.

“We have Lewandowski at number 9”. https://t.co/Yg1SlvH9uF",Sat May 31 17:34:25 +0000 2025,84302,2221,3325,4814383,False,False,True
1928866340779045126,FabrizioRomano,"🚨🦅 Understand Lazio are closing in on verbal agreement with Maurizio Sarri to return as new coach.

Two year contract plus one year option in case Lazio reach UCL qualification during one of the two years, club sources confirm.

Staff being clarified before signing. https://t.co/wx6AISK02T",Sat May 31 17:29:06 +0000 2025,22203,477,1340,6337656,False,False,True
1928857780535886289,FabrizioRomano,💙👀🇫🇷 #MCFC,Sat May 31 16:55:05 +0000 2025,39299,927,2222,5909599,False,False,False
1928857775980814547,FabrizioRomano,"🚨 Inter president Marotta: “PSG director Campos anticipates the market, he signed Bernardo Silva for Monaco when he was at Benfica B team!”.

“That shows the vision, for sure”, told El Pais. https://t.co/GexnfftpRK",Sat May 31 16:55:04 +0000 2025,28949,216,1223,2319377,False,False,True
1928814425143730478,FabrizioRomano,"🚨🔵🔴 EXCLUSIVE: Olympique Lyon have made a proposal to Junior Firpo as free agent with negotiations underway.

OL are pushing to make it happen with Firpo available with contract due to expire at Leeds United.

AC Milan are also keen if Theo Hernández leaves. https://t.co/76fiMf9oCZ",Sat May 31 14:02:49 +0000 2025,26676,875,1388,3847777,False,False,True
1928812979597762614,FabrizioRomano,"🚨🇪🇸 Sergio Reguilón, assessing options on the market as he’s available as free agent with several clubs making contact.

Movements already started after former Real Madrid and Man United left back said goodbye to Spurs. https://t.co/68AGsduNfT",Sat May 31 13:57:04 +0000 2025,33559,855,1310,3716025,False,False,True
1928812498456662183,FabrizioRomano,"🚨 Onur Cinel, attracting interest after terminating his contract with Red Bull Salzburg.

Championship, Dutch and German clubs have made contact as he will pick his next step as head coach very wisely and remains crucial part of Ralf Rangnick’s ÖFB team. https://t.co/B2sB6A4u3Y",Sat May 31 13:55:09 +0000 2025,9423,195,394,1668025,False,False,True
1928795807139975658,FabrizioRomano,"🚨🔵🔴 The agreement between Barça and Joan García on long term deal is now very advanced, almost done.

Negotiations underway with Spanish GK with club confident to get his green light in the upcoming days.

Barça want to get it done asap and anticipate Premier League clubs. https://t.co/xYIGPLyOHp",Sat May 31 12:48:50 +0000 2025,99757,2457,8605,14668929,False,False,True
1928793631336366241,FabrizioRomano,💙❤️👀 #FCB,Sat May 31 12:40:11 +0000 2025,59466,1549,3801,9024259,False,False,False
1928786161687748681,FabrizioRomano,"RT @FabrizioRomano: 🚨🔵 Manchester City are set to submit their opening bid also for Rayan Cherki next week.

The plan is to accelerate for…",Sat May 31 12:10:30 +0000 2025,0,0,3315,9,False,False,False
1928768902340792493,FabrizioRomano,"🚨❤️🤍 Official, exclusive story confirmed: John Heitinga returns to Ajax as new head coach. https://t.co/qMjLWEWQ9I",Sat May 31 11:01:55 +0000 2025,24241,264,1167,2349150,False,False,True
1928765158735683995,FabrizioRomano,💙⏳⌛️🇧🇪 #Napoli,Sat May 31 10:47:03 +0000 2025,47263,436,2196,4587610,False,False,False
1928764372135948796,FabrizioRomano,"RT @FabrizioRomano: 🚨🇧🇪 Napoli next priority after Antonio Conte’s decision to stay is to seal Kevin De Bruyne deal soon.

Napoli director…",Sat May 31 10:43:55 +0000 2025,0,0,3436,6,False,False,False
1928748358979424764,FabrizioRomano,"🚨⚪️ Spurs confirm Kevin Danso has been signed permanently from Lens after the obligation to buy in his loan deal was triggered.

€25m total package. https://t.co/0liCFrWrkk",Sat May 31 09:40:17 +0000 2025,46323,412,2086,2974487,False,False,True
1928742869805768955,FabrizioRomano,"🚨🔙 Timo Werner leaves Tottenham and returns to RB Leipzig after loan deal.

He will leave Leipzig this summer and ready for new move. 👀 https://t.co/dJ5dYFUHNu",Sat May 31 09:18:29 +0000 2025,59507,673,2642,4077982,False,False,True
1928741629596209458,FabrizioRomano,"🚨 Fraser Forster, Sergio Reguilon and Alfie Whiteman leave Spurs following the conclusion of their contracts. https://t.co/zuRyZvas1x",Sat May 31 09:13:33 +0000 2025,24477,232,1005,2548395,False,False,True
1928739990420263327,FabrizioRomano,Exclusive story confirmed: Miron Muslic signs in as Schalke04 head coach 💙🤍 https://t.co/aRjvwyGaXf,Sat May 31 09:07:02 +0000 2025,9940,166,411,2488012,False,False,True
1928735171383103972,FabrizioRomano,"🔵🇧🇷 Andrey Santos confirms plan to play for Chelsea: “Everyone knows about my love, my desire to play for Chelsea”, told Daily Mail. https://t.co/bS91RlGwXl",Sat May 31 08:47:53 +0000 2025,50985,437,2750,2120539,False,False,True
1928732718998622672,FabrizioRomano,"🚨❤️🤍 Diego Simeone: ""There’s a clear intention to be title contenders again. That’s why I’m here. That's why I'm staying”.

“I want more at this club”, told @simplefutbol_ok. https://t.co/BiLee44zLT",Sat May 31 08:38:08 +0000 2025,53361,634,2168,2934406,False,False,True
1928725836846272615,FabrizioRomano,"🚨🔵 Manchester City are set to submit their opening bid also for Rayan Cherki next week.

The plan is to accelerate for Cherki and try get Tijjani Reijnders deal sealed in the upcoming days. https://t.co/juwnMa8l3s",Sat May 31 08:10:48 +0000 2025,56578,876,3315,11862417,False,False,True
1928723485175459954,FabrizioRomano,🚨🔴 Liverpool will pay €35m fee for Jeremie Frimpong in three annual installments as part of the agreement with Bayer Leverkusen. https://t.co/D11eHAmXwm,Sat May 31 08:01:27 +0000 2025,48048,530,2129,6170026,False,False,True
1928723453164614095,FabrizioRomano,RT @fantasy_pepe: Here we come! PSG or Inter? Predict here➡️ https://t.co/eaxp0HbMf8 https://t.co/A1iTqWZfgS,Sat May 31 08:01:19 +0000 2025,0,0,128,2,False,False,True
1928707265101705415,FabrizioRomano,"🚨🔵 Chelsea have already started working internally on new deal to be proposed to Moisés Caicedo.

Talks to start soon. 🇪🇨 https://t.co/6RHf0yw1Ew",Sat May 31 06:57:00 +0000 2025,58388,721,2982,2988713,False,False,True
1928692925065736295,FabrizioRomano,"🚨 Official: Jonny Evans 𝐫𝐞𝐭𝐢𝐫𝐞𝐬 from professional football after leaving United ❤️👋🏻

🏆 x4 Community Shield
🏆 x3 Premier League
🏆 x2 Football League Cup
🏆 x1 Champions League
🏆 x1 FA Cup
🏆 x1 Club World Cup https://t.co/v9nHhh8EpI",Sat May 31 06:00:01 +0000 2025,149176,1796,12551,4944893,False,False,True
1928578218493194272,FabrizioRomano,"🚨 Paris Saint-Germain are in concrete talks to sign Franco Mastantuono from River.

Not a done deal yet but initial contacts made as per @GerGarciaGrova.

◉ No issues on Cunha deal.
◉ Luis Diaz/Hancko in Al Nassr list.
◉ Walker leaves Milan.

🎥 More: https://t.co/SqPak8pfYY https://t.co/RHiV9FSYhd",Fri May 30 22:24:13 +0000 2025,28045,792,1591,4233321,False,False,True
1928567147757703335,FabrizioRomano,"🚨🏴󠁧󠁢󠁥󠁮󠁧󠁿 Plans confirmed for Kyle Walker: AC Milan will not activate the buy option, Walker will formally return to Man City…

…and then he will leave again as Walker will not travel for FIFA Club World Cup.

Several approaches already started for new solution. https://t.co/LhpW6XzYuE",Fri May 30 21:40:13 +0000 2025,47030,478,2319,3650915,False,False,True
1928564285900272126,FabrizioRomano,"🚨🔵 Pep Lijnders will start working for Manchester City from June as he’s gonna be available for FIFA Club World Cup.

Pep Guardiola, waiting for him. https://t.co/SIRAq0CG6f",Fri May 30 21:28:51 +0000 2025,51941,674,2453,3537515,False,False,True
1928564256154202541,FabrizioRomano,"RT @gamdomsport: Champions League heartbreak in 2020 for PSG and for Inter in 2023. 🥵

Now they clash again - one moves forward, one will f…",Fri May 30 21:28:44 +0000 2025,0,0,512,1,False,False,False
1928559443177869615,FabrizioRomano,"🚨🇨🇴 Al Nassr consider Luis Diaz as one of their main targets for the summer window to re-start with ambitious plan.

Barcelona have also Luis Diaz on the list, but it depends on financial request by Liverpool.

👀🇸🇦 Al Nassr have Hancko and Luis Diaz among top priorities. https://t.co/xjLAk8VkAe",Fri May 30 21:09:36 +0000 2025,36361,830,2351,4208079,False,False,True
1928559041174757499,FabrizioRomano,"👀🇸🇦 Al Nassr and Luis Diaz, exclusive story from April… still ongoing.",Fri May 30 21:08:00 +0000 2025,35637,830,1992,8658424,False,False,False
1928558722453758271,FabrizioRomano,"🚨🔵 Chelsea have exchanged documents with Ipswich Town tonight confirming £30m for Liam Delap.

Medical booked on Monday. 🤝🏻 https://t.co/utLWes7Fzq",Fri May 30 21:06:44 +0000 2025,56675,538,3459,2679778,False,False,True
1928558691667612044,FabrizioRomano,"🟡🔴 Gian Piero Gasperini’s contract at AS Roma includes special bonuses in case of UCL qualification and Serie A title win.

The contract will be valid until June 2028. https://t.co/nMtStYLElg",Fri May 30 21:06:37 +0000 2025,17438,171,894,1897433,False,False,True
1928522905052225551,FabrizioRomano,"🚨🟣 David De Gea has just signed new deal at Fiorentina until June 2028.

After AS Monaco approaches, De Gea picks Fiorentina project. https://t.co/1LCgZWA0ZI",Fri May 30 18:44:25 +0000 2025,64350,367,3067,3056227,False,False,True
1928522680296153281,FabrizioRomano,"🚨🔵 Pep Lijnders, set to become part of Manchester City staff as he will join Pep Guardiola’s team.

Exclusive story confirmed… and Kolo Touré could be next. 👀 https://t.co/Of2aV8uzMd",Fri May 30 18:43:31 +0000 2025,41393,879,2427,6376823,False,False,True
1928522455057915976,FabrizioRomano,RT @FabrizioRomano: 🚨🔵 EXCLUSIVE: Kolo Touré and Pep Lijnders are two options under consideration at Manchester City to be part of Pep Guar…,Fri May 30 18:42:38 +0000 2025,0,0,2117,4552,False,False,False
1928521772858536443,FabrizioRomano,🚨🤍 Real Madrid confirm Jesus Vallejo leaves the club as he’s out of contract and it won’t be extended. https://t.co/HHFtYCG5fg,Fri May 30 18:39:55 +0000 2025,38533,388,1527,2185963,False,False,True
1928515586826314117,FabrizioRomano,"🚨🟡🔴 BREAKING: AS Roma agree three year deal with Gian Piero Gasperini as new head coach.

Gasperini leaves Atalanta after 9 years as expected and joins AS Roma project. https://t.co/jJvWrtpT4W",Fri May 30 18:15:20 +0000 2025,86230,865,5461,6046605,False,False,True
1928515572452528155,FabrizioRomano,"🚨🇵🇹 Mario Branco has decided to part ways with Fenerbahçe SK after three seasons at the club.

The Portuguese sporting director was responsible for several high-profile moves to Istanbul including José Mourinho, Milan Škriniar, Fred or Dušan Tadić. Also key for wonder kid Arda… https://t.co/2jbbn6mlKo",Fri May 30 18:15:17 +0000 2025,15586,341,692,2546840,False,False,True
1928495747382591812,FabrizioRomano,🚨🔵 The negotiations between Napoli and Alex Meret over new deal at the club remain at final stages. https://t.co/iWTLCJa1On,Fri May 30 16:56:30 +0000 2025,19254,212,795,1941372,False,False,True
1928483986315108700,FabrizioRomano,"🚨🟡🔴 AS Roma are confident to seal the agreement with Gian Piero Gasperini on three year contract, as planned.

Negotiations at the final stages, as @Fil_Biafora reports. https://t.co/U7NCoryLtP",Fri May 30 16:09:46 +0000 2025,22637,308,1207,2426174,False,False,True
1928482671694331964,FabrizioRomano,"🚨✍🏻 Official, confirmed. Jeremie Frimpong joins Liverpool on €35m deal from Bayer Leverkusen. https://t.co/VQTmNoL1qx",Fri May 30 16:04:33 +0000 2025,98716,694,6289,3256827,False,False,True
1928480706356732057,FabrizioRomano,"🚨 Jeremie Frimpong to Liverpool, official in 4 minutes. The first signing of the summer for Arne Slot.",Fri May 30 15:56:44 +0000 2025,72054,709,2919,9600355,False,False,False
1928470678258254185,FabrizioRomano,🚨⚫️🔵 Simone Inzaghi on Al Hilal approaches: “I’m happy here at Inter. I feel good and I’ve everything to do important things at this club”. https://t.co/zeGQqY1VbP,Fri May 30 15:16:53 +0000 2025,33490,342,1532,3031936,False,False,True
1928465715004125330,FabrizioRomano,"🚨 Rúben Amorim on Al Hilal pushing to sign Bruno Fernandes: “My feeling is that Bruno wants to stay. He is saying no to a lot of things”.

“The club can find other ways to make money”. ⚠️👀

“I feel he wants to stay for sure with Man United, you never know”, via @lauriewhitwell. https://t.co/aMs4reghWj",Fri May 30 14:57:10 +0000 2025,42200,710,2631,3269221,False,False,True
1928465192758714757,FabrizioRomano,"🚨🇦🇪 EXCL: Al Ain agree deal to sign Rui Patricio as new goalkeeper on short term contract for FIFA Club World Cup.

Verbal agreement in place with Portuguese GK. https://t.co/FWdUOfzBGc",Fri May 30 14:55:05 +0000 2025,22789,196,1193,2680418,False,False,True
1928462093310660839,FabrizioRomano,"RT @FabrizioRomano: 🚨🔵 Manchester City made contact to start initial talks for Rayan Cherki as target for #10 position.

He’s top of the li…",Fri May 30 14:42:46 +0000 2025,0,0,3406,1240,False,False,False
1928455394491355630,FabrizioRomano,"🚨🔴⚫️ AC Milan keep working on deal to sign Samuele Ricci since January, he’s still one of the main targets.

No issues on personal terms as Ricci’s keen on the move, clubs again in contact with discussions underway for months. https://t.co/VHLxQvtdoX",Fri May 30 14:16:09 +0000 2025,19285,255,1088,2270042,False,False,True
1928455111824588932,FabrizioRomano,"RT @FabrizioRomano: 🚨🔴⚫️ Understand AC Milan have made concrete progress to sign Samuele Ricci as new midfielder from season 2025/26.

He’s…",Fri May 30 14:15:02 +0000 2025,0,0,1393,997,False,False,False
1928455067130007836,FabrizioRomano,"🚨🇸🇦 Al Hilal are in direct contact with AC Milan for Theo Hernández as he’s a priority target for the Saudi side.

No agreement club to club yet and still waiting for player’s decision, as Theo didn’t give green light to move so far.

🎥🇮🇹 @MatteMoretto https://t.co/p6TAgQXUf7 https://t.co/Y55NhaVJpf",Fri May 30 14:14:51 +0000 2025,30207,718,2244,4919103,False,False,True
1928428588656705830,FabrizioRomano,"🚨⏳ The structure of the add-ons is the final detail being negotiated between Liverpool and Bayer Leverkusen for Florian Wirtz.

The deal is expected to happen soon, as it’s always been the case: optimism and not a long saga. 💣 https://t.co/FVpfk4DkI9",Fri May 30 12:29:38 +0000 2025,59826,743,4371,3567905,False,False,True
1928426551437033474,FabrizioRomano,"🚨🔴 More on Florian Wirtz deal. Talks are advancing as reported earlier with club optimistic as Liverpool proposal around €130m is now on the table.

Negotiations are underway on structure of the add-ons, key to get the agreement sealed.

Wirtz ONLY wants Liverpool. ⏳⌛️ https://t.co/dpxdQVSSHV",Fri May 30 12:21:32 +0000 2025,89028,1337,6810,5877071,False,False,True
1928414897064349791,FabrizioRomano,"🚨❤️🤍 Ajax have agreed deal to appoint John Heitinga as new head coach on two year contract.

Exclusive story confirmed as Liverpool gave their green light earlier this week and Heitinga will go back to Ajax. 🇳🇱 https://t.co/cp8ZkH6j4a",Fri May 30 11:35:14 +0000 2025,29568,430,1781,2810908,False,False,True
1928414324877414845,FabrizioRomano,❤️🤍✅ #Ajax,Fri May 30 11:32:57 +0000 2025,11260,134,420,2902685,False,False,False
1928406573832905068,FabrizioRomano,"🔵⏳ Negotiations underway between Man City and AC Milan for Reijnders, as reported earlier today. ⤵️",Fri May 30 11:02:09 +0000 2025,22899,414,1403,3594324,False,False,False
1928391884134596786,FabrizioRomano,🚨⚪️ Understand the release clause into Trent Alexander-Arnold’s contract will be €1B. https://t.co/lK2dgpy3n0,Fri May 30 10:03:47 +0000 2025,165923,3252,6894,11489937,False,False,True
1928390998058586113,FabrizioRomano,"🚨⚪️ Understand Real Madrid to pay transfer fee around €10m to Liverpool to have Trent Alexander-Arnold at the Club World Cup.

Real will also cover his salary for June and July as part of the agreement with Liverpool. https://t.co/Y4lCeqsadX",Fri May 30 10:00:16 +0000 2025,97382,2202,5451,9960207,False,False,True
1928390980358554014,FabrizioRomano,"🚨🤍 BREAKING: Trent Alexander-Arnold joins Real Madrid and he will play the FIFA Club World Cup.

Contract until June 2031 as Real Madrid see Trent as the best right back in the world, the missing piece to their puzzle. https://t.co/LIUoy4k0yS",Fri May 30 10:00:12 +0000 2025,127328,1528,9440,5000437,False,False,True
1928387603784499276,FabrizioRomano,"🚨🔴⚫️ Official, confirmed. Max Allegri has been appointed as new AC Milan head coach.

Two year deal plus one year as option. https://t.co/vgD4fqBCOu",Fri May 30 09:46:47 +0000 2025,35985,316,1941,2420906,False,False,True
1928378859981844579,FabrizioRomano,"🚨 The negotiations between Liverpool and Bayer Leverkusen continue well with club to club agreement getting closer.

Liverpool expect it to be matter of time then Wirtz will join the club, as he told Bayer last week about his clear plan to sign for #LFC. https://t.co/w0XtvrEGdB",Fri May 30 09:12:02 +0000 2025,61178,878,4663,3662519,False,False,True
1928377820692054268,FabrizioRomano,"💙🤍✅ Miron Muslic, new Schalke head coach as exclusively revealed.",Fri May 30 09:07:54 +0000 2025,11874,210,456,2786097,False,False,False
1928358385910469049,FabrizioRomano,"🚨✅ Jeremie Frimpong deal, all signed and sealed with official announcement now imminent.

Liverpool have their new right back for €35m. https://t.co/addXBvE1n2",Fri May 30 07:50:41 +0000 2025,132334,1432,9811,5925898,False,False,True
