tweet_id,user,tweet,date,likes,comments,repost,views
1929281098355269893,FabrizioRomano,"🚨🇦🇹 Joao Sacramento, set to sign as new head coach at Austrian side LASK. Two year contract almost agreed.

Former Mourinho’s assistant at Spurs and Roma, also Galtier's assistant at PSG and Lille, considered to be a talented coach with important future ahead. https://t.co/EmcT8X1vuZ",2025-06-01T20:57:12.000Z,3653,115,166,259124
1929281083314414061,FabrizioRomano,"🎧 Here we go podcast post UCL.

◉ Florian Wirtz negotiations underway.
◉ PSG consider Mastantuono as future top player.
◉ Al Hilal push to get Simone Inzaghi’s green light.
◉ Donnarumma’s contract + Doué deal secrets. 

🎥 More @MenInBlazers: https://t.co/kw0s0JA1AE https://t.co/lwZGNHZO3k",2025-06-01T20:57:09.000Z,2894,117,183,254884
1929264051554505001,FabrizioRomano,"🚨⚪️ Spurs chairman Daniel Levy set to decide Ange Postecoglou’s future in the next days, situation open.

Thomas Frank and Marco Silva are both appreciated, discussed internally as options for Spurs job if Ange gets fired.

No final decision on Postecoglou yet. https://t.co/GNvtBcjiAD",2025-06-01T19:49:28.000Z,27939,860,1543,1637189
1929236102117744888,FabrizioRomano,@JBTFooty stop posting bullshits.,2025-06-01T17:58:24.000Z,111545,1990,4296,3290708
1929235096155857299,FabrizioRomano,"🚨🔵 Liam Delap completes first part of his medical at Chelsea and formal steps will follow early next week.

All set to get the deal official. Delap will play for Chelsea. https://t.co/mOtO4bXQp6",2025-06-01T17:54:25.000Z,40244,803,3059,1762477
1929217878412108054,FabrizioRomano,"🚨⚪️⚫️ Former Toulouse president Damien Comolli has signed in as new Juventus general director.

Three year contract sealed. https://t.co/9OxVxAQqos",2025-06-01T16:46:00.000Z,17859,489,806,1981021
1929202328973762883,FabrizioRomano,"🔵⚪️🦅 Maurizio Sarri and Lazio, deal set to be signed next week on two year contract plus option.

Story revealed yesterday, confirmed. ⤵️ https://t.co/88e2AEab9S",2025-06-01T15:44:12.000Z,10782,253,549,2663282
1929202088510132232,FabrizioRomano,"🚨🔴⚪️ Caoimhin Kelleher to Brentford, here we go! Deal done for the goalkeeper to join from Liverpool on £18m package fee add-ons included.

Mark Flekken will leave Brentford and join Bayer Leverkusen for €10m 🔴⚫️🇩🇪 https://t.co/uDfhSEoV8U",2025-06-01T15:43:15.000Z,81592,1359,5014,4829804
1929201446731251789,FabrizioRomano,🚨🏅 UEFA Team of the Season for UCL campaign 2024/25 has been released! ✨ https://t.co/hml4zaZkLk,2025-06-01T15:40:42.000Z,62127,1845,4321,3360336
1929201297355407775,FabrizioRomano,🚨🏅 Ousmane Dembélé wins Best Player of the Season Award from UEFA for UCL. https://t.co/H4dot33cOv,2025-06-01T15:40:06.000Z,98638,1130,6423,2455709
1929201209123930347,FabrizioRomano,🚨🏅 Désiré Doué wins Young Player of the Season Award from UEFA for UCL. https://t.co/uYsmdE2eKa,2025-06-01T15:39:45.000Z,74818,775,3835,2334739
1929166245925888507,FabrizioRomano,"🚨❌ Francesco Acerbi has rejected to join Italian national team for the upcoming international games.

“Acerbi informed me by text message this morning, we move on”, says Italy coach Luciano Spalletti. https://t.co/dDuzj3uCzX",2025-06-01T13:20:49.000Z,45903,695,1708,3674449
1929161993069416774,FabrizioRomano,"🚨 OFFICIAL: Matheus Cunha joins Man United on five year deal plus one year option from Wolves.

All documents signed after £62.5m release clause has been triggered earlier this week.

First signing of the summer for Man Utd. https://t.co/iesnVyEBaC",2025-06-01T13:03:55.000Z,101456,1922,9954,5424461
1929161504764448777,FabrizioRomano,🚨✅🇧🇷 #MUFC https://t.co/RrDwa8JrqJ,2025-06-01T13:01:59.000Z,30051,323,1576,3103452
1929149735798972755,FabrizioRomano,🔴👀⏳ #LFC https://t.co/1zhIRzH9a7,2025-06-01T12:15:13.000Z,50506,914,3380,6083940
1929141735860380065,FabrizioRomano,"🚨⚠️ Ter Stegen on Joan García and Barça talks: “No one has spoken to me about this… but it doesn't concern me too much. I know that I WILL be in Barcelona next year”.

“For me the situation has not changed in principle. I’m very excited for next season”. https://t.co/8frpV3AKm0",2025-06-01T11:43:26.000Z,27360,1112,1218,2563826
1929141060128694669,FabrizioRomano,"🚨🔵 Manchester City and OL are in club to club talks for Rayan Cherki, deal expected to advance fast next week.

Price tag will be in excess of €30m for Cherki; Man City are confident.

2️⃣ #MCFC mantain their plan: Cherki and Reijnders deals to be done in the next days. https://t.co/NQNfJqWncH",2025-06-01T11:40:45.000Z,44666,705,3036,3832814
1929132858150392179,FabrizioRomano,"🚨🔵🔴 Robert Lewandowski: “I will stay at Barça, it’s not even a topic. For sure”.

“I’m sure our team will be stronger and I want to win even more”. https://t.co/fB0JPtt1qj",2025-06-01T11:08:09.000Z,52196,466,2112,2103301
1929126060777504943,FabrizioRomano,"🚨❤️💙 Nasser Al Khelaifi: “Now our mission is to win the FIFA Club World Cup and then the Champions League again”.

“That’s our mentality”. https://t.co/Lg2xzsvUl6",2025-06-01T10:41:08.000Z,125239,1260,6067,3956568
1929119806617207253,FabrizioRomano,"🚨🟡🔵 Fenerbahçe have agreed deal to sign Amara Diouf, one of the best talents in Africa.

Negotiations at final stages for a player who was in the list of several clubs and he’s joining Fener, as per @yagosabuncuoglu. https://t.co/zvhJ4tVOH0",2025-06-01T10:16:17.000Z,41302,619,1877,4412884
1929113730832298082,FabrizioRomano,"🚨🔴⚫️ Bayer Leverkusen agree deal to sign Mark Flekken as new goalkeeper, all set to be sealed with Brentford.

It was always the plan to bring in new GK and it’s now all done for €10m transfer fee.

Medical tests to follow shortly, as @Plettigoal @PippoArens report. https://t.co/J0jUHkubNj",2025-06-01T09:52:09.000Z,26808,506,1337,2961747
1929113711957995785,FabrizioRomano,🔴⚫️✅ #Bayer04 https://t.co/95d4DZUhyE,2025-06-01T09:52:04.000Z,10554,171,328,2557888
1929093308761923599,FabrizioRomano,"🚨🔴🔵 Paris Saint-Germain will try to get Franco Mastantuono deal done as talks have been ongoing for weeks.

Nothing sealed or agreed yet but PSG will try to anticipate several top European clubs and sign the Argentinian gem.

One to watch in the next days/weeks. https://t.co/MKbT9mQ15M",2025-06-01T08:31:00.000Z,44637,857,2278,4137609
1929073428172255259,FabrizioRomano,"🚨🦅 Maurizio Sarri, on the verge of becoming new Lazio manager as exclusively reported yesterday.

Process on course to complete two year deal plus option, get it signed and return to the club. https://t.co/xZbFNR0xIE",2025-06-01T07:12:00.000Z,18068,433,916,2402392
1929057825474678945,FabrizioRomano,"🚨 Simone Inzaghi will meet with Inter board at the beginning of next week to discuss his future.

The chances to part ways are concrete with Al Hilal proposal available on the table. 👀🇸🇦 https://t.co/4FbuvfATJa",2025-06-01T06:10:00.000Z,44675,661,2475,3120891
1928983313127006615,FabrizioRomano,"🚨 Donnarumma on his future: “New deal or leaving? We will see what happens… I don’t know”.

“It’s time to enjoy this magic season now. I will go on holiday and then we will see”, told Sky. https://t.co/dEc44Rcgw6",2025-06-01T01:13:55.000Z,46823,503,1872,2514653
1928946602946814383,FabrizioRomano,"🚨✨ Luis Enrique: “I’d give the Ballon d’Or to mr Ousmane Dembélé”.

“The way he defended tonight… only that can be worth the Ballon d’Or. This is how you lead a team. Goals, titles, leadership, defending, how he was pressing…”.

“Ousmane is my Ballon d’Or. No doubts at all”. https://t.co/2fjuHO51kM",2025-05-31T22:48:02.000Z,262538,1726,18611,9085920
1928939651487691067,FabrizioRomano,❤️💙 Luis Enrique. What a manager. https://t.co/lHLPiwOxaY,2025-05-31T22:20:25.000Z,110544,410,5448,2570735
1928937391328289188,FabrizioRomano,"🚨 𝐎𝐅𝐅𝐈𝐂𝐈𝐀𝐋: Désiré Doué wins the 𝐌𝐚𝐧 𝐨𝐟 𝐭𝐡𝐞 𝐌𝐚𝐭𝐜𝐡 Award in Champions League final 🏅

Two goals, one assist, 19 years old. 𝑮𝒐𝒍𝒅𝒆𝒏 𝑩𝒐𝒚. ✨ https://t.co/dVEthqlCtA",2025-05-31T22:11:26.000Z,117552,643,6079,3002307
1928934307118084490,FabrizioRomano,"❤️‍🩹💙 Luis Enrique: “Xana is not physically here, but she is always connected to me and she is enjoying this time with us”. https://t.co/zS2PYxN5iG",2025-05-31T21:59:11.000Z,213683,611,10387,5607797
1928932427201683782,FabrizioRomano,"🚨 Simone Inzaghi on Al Hilal proposal or staying at Inter: “My future? We will see in the next days”.

“I will meet with the club and we will assess the situation together”. https://t.co/EwRDToL66R",2025-05-31T21:51:43.000Z,43366,527,1787,3139231
1928924717857095751,FabrizioRomano,❤️💙 Paris Saint-Germain lift the Champions League for the first time! 🏆 https://t.co/DyZygPq1Cv,2025-05-31T21:21:05.000Z,131627,1042,8750,3154045
1928917473610383852,FabrizioRomano,❤️💙🏆 Paris St Germain destroy Inter and win the final with the largest margin in Champions League history! 🇫🇷 https://t.co/yDsExvhxjp,2025-05-31T20:52:17.000Z,211857,2317,15095,6533892
1928914377429721180,FabrizioRomano,"Nasser Al Khelaifi, Luis Enrique and Luis Campos have built a fantastic team.

Top talents, not only big superstars like before, excellent mentality and élité coach.

Well deserved Treble for PSG. 🔴🔵",2025-05-31T20:39:59.000Z,110715,1144,8802,4676912
1928910186728563116,FabrizioRomano,"❤️💙 Brace in Champions League final, insane season. Insane signing. Désiré Doué. https://t.co/siQXpDHeBk",2025-05-31T20:23:20.000Z,72018,837,3809,2663817
1928896489377440112,FabrizioRomano,"❤️💙⭐️ 10 G/A on first Champions League season at PSG for Désiré Doué.

Top signing, super talent. ✨🇫🇷 https://t.co/IBurw4Hm6F",2025-05-31T19:28:54.000Z,48758,479,2410,2067976
1928892882770948521,FabrizioRomano,"❤️💙 9 goals, 14 assists this season for Achraf Hakimi. Fantastic season for PSG right back. https://t.co/J5WJeDtP5H",2025-05-31T19:14:35.000Z,108232,1003,5764,3578497
1928881370815693093,FabrizioRomano,@lotitofobico È pronto il contratto.. aspettiamo che firmi,2025-05-31T18:28:50.000Z,1673,107,46,506882
1928867676367057221,FabrizioRomano,"🚨 Barça director Deco: “Gyökeres is a great striker who did excellent things at Sporting but we’re currently not looking for that position”.

“We have Lewandowski at number 9”. https://t.co/Yg1SlvH9uF",2025-05-31T17:34:25.000Z,82751,2202,3285,4733440
1928866340779045126,FabrizioRomano,"🚨🦅 Understand Lazio are closing in on verbal agreement with Maurizio Sarri to return as new coach.

Two year contract plus one year option in case Lazio reach UCL qualification during one of the two years, club sources confirm.

Staff being clarified before signing. https://t.co/wx6AISK02T",2025-05-31T17:29:06.000Z,22105,476,1338,5774563
1928857780535886289,FabrizioRomano,💙👀🇫🇷 #MCFC https://t.co/bC2Qv1s1po,2025-05-31T16:55:05.000Z,38991,927,2210,5844970
1928857775980814547,FabrizioRomano,"🚨 Inter president Marotta: “PSG director Campos anticipates the market, he signed Bernardo Silva for Monaco when he was at Benfica B team!”.

“That shows the vision, for sure”, told El Pais. https://t.co/GexnfftpRK",2025-05-31T16:55:04.000Z,28776,216,1213,2277327
1928814425143730478,FabrizioRomano,"🚨🔵🔴 EXCLUSIVE: Olympique Lyon have made a proposal to Junior Firpo as free agent with negotiations underway.

OL are pushing to make it happen with Firpo available with contract due to expire at Leeds United.

AC Milan are also keen if Theo Hernández leaves. https://t.co/76fiMf9oCZ",2025-05-31T14:02:49.000Z,26540,875,1379,3809458
1928812979597762614,FabrizioRomano,"🚨🇪🇸 Sergio Reguilón, assessing options on the market as he’s available as free agent with several clubs making contact.

Movements already started after former Real Madrid and Man United left back said goodbye to Spurs. https://t.co/68AGsduNfT",2025-05-31T13:57:04.000Z,33346,855,1306,3688385
1928812498456662183,FabrizioRomano,"🚨 Onur Cinel, attracting interest after terminating his contract with Red Bull Salzburg.

Championship, Dutch and German clubs have made contact as he will pick his next step as head coach very wisely and remains crucial part of Ralf Rangnick’s ÖFB team. https://t.co/B2sB6A4u3Y",2025-05-31T13:55:09.000Z,9374,195,392,1649259
1928795807139975658,FabrizioRomano,"🚨🔵🔴 The agreement between Barça and Joan García on long term deal is now very advanced, almost done.

Negotiations underway with Spanish GK with club confident to get his green light in the upcoming days.

Barça want to get it done asap and anticipate Premier League clubs. https://t.co/xYIGPLyOHp",2025-05-31T12:48:50.000Z,99056,2455,8588,14541958
1928793631336366241,FabrizioRomano,💙❤️👀 #FCB https://t.co/IWjlRuZhNG,2025-05-31T12:40:11.000Z,59275,1548,3801,8966742
1928786161687748681,FabrizioRomano,"RT @FabrizioRomano: 🚨🔵 Manchester City are set to submit their opening bid also for Rayan Cherki next week.

The plan is to accelerate for…",2025-05-31T12:10:30.000Z,0,0,3309,8
1928768902340792493,FabrizioRomano,"🚨❤️🤍 Official, exclusive story confirmed: John Heitinga returns to Ajax as new head coach. https://t.co/qMjLWEWQ9I",2025-05-31T11:01:55.000Z,24166,264,1165,2325299
1928765158735683995,FabrizioRomano,💙⏳⌛️🇧🇪 #Napoli https://t.co/9ssPpEQWwj,2025-05-31T10:47:03.000Z,47104,436,2192,4559612
1928764372135948796,FabrizioRomano,"RT @FabrizioRomano: 🚨🇧🇪 Napoli next priority after Antonio Conte’s decision to stay is to seal Kevin De Bruyne deal soon.

Napoli director…",2025-05-31T10:43:55.000Z,0,0,3428,6
1928748358979424764,FabrizioRomano,"🚨⚪️ Spurs confirm Kevin Danso has been signed permanently from Lens after the obligation to buy in his loan deal was triggered.

€25m total package. https://t.co/0liCFrWrkk",2025-05-31T09:40:17.000Z,46057,409,2083,2949576
1928742869805768955,FabrizioRomano,"🚨🔙 Timo Werner leaves Tottenham and returns to RB Leipzig after loan deal.

He will leave Leipzig this summer and ready for new move. 👀 https://t.co/dJ5dYFUHNu",2025-05-31T09:18:29.000Z,59182,673,2639,4048223
1928741629596209458,FabrizioRomano,"🚨 Fraser Forster, Sergio Reguilon and Alfie Whiteman leave Spurs following the conclusion of their contracts. https://t.co/zuRyZvas1x",2025-05-31T09:13:33.000Z,24417,232,1005,2534104
1928739990420263327,FabrizioRomano,Exclusive story confirmed: Miron Muslic signs in as Schalke04 head coach 💙🤍 https://t.co/aRjvwyGaXf https://t.co/TxcQNGyBQp,2025-05-31T09:07:02.000Z,9907,166,408,2470577
1928735171383103972,FabrizioRomano,"🔵🇧🇷 Andrey Santos confirms plan to play for Chelsea: “Everyone knows about my love, my desire to play for Chelsea”, told Daily Mail. https://t.co/bS91RlGwXl",2025-05-31T08:47:53.000Z,50494,433,2729,2100743
1928732718998622672,FabrizioRomano,"🚨❤️🤍 Diego Simeone: ""There’s a clear intention to be title contenders again. That’s why I’m here. That's why I'm staying”.

“I want more at this club”, told @simplefutbol_ok. https://t.co/BiLee44zLT",2025-05-31T08:38:08.000Z,53204,633,2164,2918265
1928725836846272615,FabrizioRomano,"🚨🔵 Manchester City are set to submit their opening bid also for Rayan Cherki next week.

The plan is to accelerate for Cherki and try get Tijjani Reijnders deal sealed in the upcoming days. https://t.co/juwnMa8l3s",2025-05-31T08:10:48.000Z,56484,875,3309,11775956
1928723485175459954,FabrizioRomano,🚨🔴 Liverpool will pay €35m fee for Jeremie Frimpong in three annual installments as part of the agreement with Bayer Leverkusen. https://t.co/D11eHAmXwm,2025-05-31T08:01:27.000Z,47800,529,2121,6079544
1928723453164614095,FabrizioRomano,RT @fantasy_pepe: Here we come! PSG or Inter? Predict here➡️ https://t.co/eaxp0HbMf8 https://t.co/A1iTqWZfgS,2025-05-31T08:01:19.000Z,0,0,127,2
1928707265101705415,FabrizioRomano,"🚨🔵 Chelsea have already started working internally on new deal to be proposed to Moisés Caicedo.

Talks to start soon. 🇪🇨 https://t.co/6RHf0yw1Ew",2025-05-31T06:57:00.000Z,57718,721,2967,2966183
1928692925065736295,FabrizioRomano,"🚨 Official: Jonny Evans 𝐫𝐞𝐭𝐢𝐫𝐞𝐬 from professional football after leaving United ❤️👋🏻

🏆 x4 Community Shield
🏆 x3 Premier League
🏆 x2 Football League Cup
🏆 x1 Champions League
🏆 x1 FA Cup
🏆 x1 Club World Cup https://t.co/v9nHhh8EpI",2025-05-31T06:00:01.000Z,148356,1794,12493,4911607
1928578218493194272,FabrizioRomano,"🚨 Paris Saint-Germain are in concrete talks to sign Franco Mastantuono from River.

Not a done deal yet but initial contacts made as per @GerGarciaGrova.

◉ No issues on Cunha deal.
◉ Luis Diaz/Hancko in Al Nassr list.
◉ Walker leaves Milan.

🎥 More: https://t.co/SqPak8pfYY https://t.co/RHiV9FSYhd",2025-05-30T22:24:13.000Z,28018,792,1593,4254262
1928567147757703335,FabrizioRomano,"🚨🏴󠁧󠁢󠁥󠁮󠁧󠁿 Plans confirmed for Kyle Walker: AC Milan will not activate the buy option, Walker will formally return to Man City…

…and then he will leave again as Walker will not travel for FIFA Club World Cup.

Several approaches already started for new solution. https://t.co/LhpW6XzYuE",2025-05-30T21:40:13.000Z,46976,478,2317,3639875
1928564285900272126,FabrizioRomano,"🚨🔵 Pep Lijnders will start working for Manchester City from June as he’s gonna be available for FIFA Club World Cup.

Pep Guardiola, waiting for him. https://t.co/SIRAq0CG6f",2025-05-30T21:28:51.000Z,51881,672,2443,3528025
1928564256154202541,FabrizioRomano,"RT @gamdomsport: Champions League heartbreak in 2020 for PSG and for Inter in 2023. 🥵

Now they clash again - one moves forward, one will f…",2025-05-30T21:28:44.000Z,0,0,509,1
1928559443177869615,FabrizioRomano,"🚨🇨🇴 Al Nassr consider Luis Diaz as one of their main targets for the summer window to re-start with ambitious plan.

Barcelona have also Luis Diaz on the list, but it depends on financial request by Liverpool.

👀🇸🇦 Al Nassr have Hancko and Luis Diaz among top priorities. https://t.co/xjLAk8VkAe",2025-05-30T21:09:36.000Z,36332,828,2349,4196830
1928559041174757499,FabrizioRomano,"👀🇸🇦 Al Nassr and Luis Diaz, exclusive story from April… still ongoing. https://t.co/dizT3Qb2jC",2025-05-30T21:08:00.000Z,35627,829,1990,8643690
1928558722453758271,FabrizioRomano,"🚨🔵 Chelsea have exchanged documents with Ipswich Town tonight confirming £30m for Liam Delap.

Medical booked on Monday. 🤝🏻 https://t.co/utLWes7Fzq",2025-05-30T21:06:44.000Z,56647,537,3458,2671907
1928558691667612044,FabrizioRomano,"🟡🔴 Gian Piero Gasperini’s contract at AS Roma includes special bonuses in case of UCL qualification and Serie A title win.

The contract will be valid until June 2028. https://t.co/nMtStYLElg",2025-05-30T21:06:37.000Z,17409,171,894,1890828
1928522905052225551,FabrizioRomano,"🚨🟣 David De Gea has just signed new deal at Fiorentina until June 2028.

After AS Monaco approaches, De Gea picks Fiorentina project. https://t.co/1LCgZWA0ZI",2025-05-30T18:44:25.000Z,64309,367,3063,3049072
1928522680296153281,FabrizioRomano,"🚨🔵 Pep Lijnders, set to become part of Manchester City staff as he will join Pep Guardiola’s team.

Exclusive story confirmed… and Kolo Touré could be next. 👀 https://t.co/Of2aV8uzMd",2025-05-30T18:43:31.000Z,41384,879,2424,6368137
1928522455057915976,FabrizioRomano,RT @FabrizioRomano: 🚨🔵 EXCLUSIVE: Kolo Touré and Pep Lijnders are two options under consideration at Manchester City to be part of Pep Guar…,2025-05-30T18:42:38.000Z,0,0,2115,4551
1928522345636905279,FabrizioRomano,@City_Xtra ✅🙌🏻,2025-05-30T18:42:12.000Z,1349,27,44,55654
1928521772858536443,FabrizioRomano,🚨🤍 Real Madrid confirm Jesus Vallejo leaves the club as he’s out of contract and it won’t be extended. https://t.co/HHFtYCG5fg,2025-05-30T18:39:55.000Z,38511,388,1528,2180337
1928515586826314117,FabrizioRomano,"🚨🟡🔴 BREAKING: AS Roma agree three year deal with Gian Piero Gasperini as new head coach.

Gasperini leaves Atalanta after 9 years as expected and joins AS Roma project. https://t.co/jJvWrtpT4W",2025-05-30T18:15:20.000Z,86206,863,5464,6035568
1928515572452528155,FabrizioRomano,"🚨🇵🇹 Mario Branco has decided to part ways with Fenerbahçe SK after three seasons at the club.

The Portuguese sporting director was responsible for several high-profile moves to Istanbul including José Mourinho, Milan Škriniar, Fred or Dušan Tadić. Also key for wonder kid Arda https://t.co/2jbbn6mlKo",2025-05-30T18:15:17.000Z,15567,342,689,2561417
1928495747382591812,FabrizioRomano,🚨🔵 The negotiations between Napoli and Alex Meret over new deal at the club remain at final stages. https://t.co/iWTLCJa1On,2025-05-30T16:56:30.000Z,19230,212,791,1936408
1928483986315108700,FabrizioRomano,"🚨🟡🔴 AS Roma are confident to seal the agreement with Gian Piero Gasperini on three year contract, as planned.

Negotiations at the final stages, as @Fil_Biafora reports. https://t.co/U7NCoryLtP",2025-05-30T16:09:46.000Z,22620,308,1204,2421064
1928482671694331964,FabrizioRomano,"🚨✍🏻 Official, confirmed. Jeremie Frimpong joins Liverpool on €35m deal from Bayer Leverkusen. https://t.co/VQTmNoL1qx",2025-05-30T16:04:33.000Z,98712,694,6291,3250742
1928480706356732057,FabrizioRomano,"🚨 Jeremie Frimpong to Liverpool, official in 4 minutes. The first signing of the summer for Arne Slot.",2025-05-30T15:56:44.000Z,72059,709,2922,9593639
1928470678258254185,FabrizioRomano,🚨⚫️🔵 Simone Inzaghi on Al Hilal approaches: “I’m happy here at Inter. I feel good and I’ve everything to do important things at this club”. https://t.co/zeGQqY1VbP,2025-05-30T15:16:53.000Z,33471,343,1530,3026351
1928465715004125330,FabrizioRomano,"🚨 Rúben Amorim on Al Hilal pushing to sign Bruno Fernandes: “My feeling is that Bruno wants to stay. He is saying no to a lot of things”.

“The club can find other ways to make money”. ⚠️👀

“I feel he wants to stay for sure with Man United, you never know”, via @lauriewhitwell. https://t.co/aMs4reghWj",2025-05-30T14:57:10.000Z,42180,710,2629,3263523
1928465192758714757,FabrizioRomano,"🚨🇦🇪 EXCL: Al Ain agree deal to sign Rui Patricio as new goalkeeper on short term contract for FIFA Club World Cup.

Verbal agreement in place with Portuguese GK. https://t.co/FWdUOfzBGc",2025-05-30T14:55:05.000Z,22774,196,1190,2675413
1928462093310660839,FabrizioRomano,"RT @FabrizioRomano: 🚨🔵 Manchester City made contact to start initial talks for Rayan Cherki as target for #10 position.

He’s top of the li…",2025-05-30T14:42:46.000Z,0,0,3410,1240
1928455394491355630,FabrizioRomano,"🚨🔴⚫️ AC Milan keep working on deal to sign Samuele Ricci since January, he’s still one of the main targets.

No issues on personal terms as Ricci’s keen on the move, clubs again in contact with discussions underway for months. https://t.co/VHLxQvtdoX",2025-05-30T14:16:09.000Z,19263,255,1084,2246334
1928455111824588932,FabrizioRomano,"RT @FabrizioRomano: 🚨🔴⚫️ Understand AC Milan have made concrete progress to sign Samuele Ricci as new midfielder from season 2025/26.

He’s…",2025-05-30T14:15:02.000Z,0,0,1389,997
1928455067130007836,FabrizioRomano,"🚨🇸🇦 Al Hilal are in direct contact with AC Milan for Theo Hernández as he’s a priority target for the Saudi side.

No agreement club to club yet and still waiting for player’s decision, as Theo didn’t give green light to move so far.

🎥🇮🇹 @MatteMoretto https://t.co/p6TAgQXUf7 https://t.co/Y55NhaVJpf",2025-05-30T14:14:51.000Z,30193,717,2238,4911603
1928428588656705830,FabrizioRomano,"🚨⏳ The structure of the add-ons is the final detail being negotiated between Liverpool and Bayer Leverkusen for Florian Wirtz.

The deal is expected to happen soon, as it’s always been the case: optimism and not a long saga. 💣 https://t.co/FVpfk4DkI9",2025-05-30T12:29:38.000Z,59817,744,4372,3562709
1928426551437033474,FabrizioRomano,"🚨🔴 More on Florian Wirtz deal. Talks are advancing as reported earlier with club optimistic as Liverpool proposal around €130m is now on the table.

Negotiations are underway on structure of the add-ons, key to get the agreement sealed.

Wirtz ONLY wants Liverpool. ⏳⌛️ https://t.co/dpxdQVSSHV",2025-05-30T12:21:32.000Z,89020,1337,6814,5870100
1928414897064349791,FabrizioRomano,"🚨❤️🤍 Ajax have agreed deal to appoint John Heitinga as new head coach on two year contract.

Exclusive story confirmed as Liverpool gave their green light earlier this week and Heitinga will go back to Ajax. 🇳🇱 https://t.co/cp8ZkH6j4a",2025-05-30T11:35:14.000Z,29558,430,1774,2807519
1928414324877414845,FabrizioRomano,❤️🤍✅ #Ajax https://t.co/ZqvqYDOgpQ,2025-05-30T11:32:57.000Z,11256,134,416,2897841
1928406573832905068,FabrizioRomano,"🔵⏳ Negotiations underway between Man City and AC Milan for Reijnders, as reported earlier today. ⤵️ https://t.co/w8ySbQ11bN",2025-05-30T11:02:09.000Z,22888,414,1398,3589472
1928391884134596786,FabrizioRomano,🚨⚪️ Understand the release clause into Trent Alexander-Arnold’s contract will be €1B. https://t.co/lK2dgpy3n0,2025-05-30T10:03:47.000Z,165921,3253,6893,11481489
1928390998058586113,FabrizioRomano,"🚨⚪️ Understand Real Madrid to pay transfer fee around €10m to Liverpool to have Trent Alexander-Arnold at the Club World Cup.

Real will also cover his salary for June and July as part of the agreement with Liverpool. https://t.co/Y4lCeqsadX",2025-05-30T10:00:16.000Z,97370,2202,5457,9953603
1928390980358554014,FabrizioRomano,"🚨🤍 BREAKING: Trent Alexander-Arnold joins Real Madrid and he will play the FIFA Club World Cup.

Contract until June 2031 as Real Madrid see Trent as the best right back in the world, the missing piece to their puzzle. https://t.co/LIUoy4k0yS",2025-05-30T10:00:12.000Z,127296,1528,9433,4994654
1928387603784499276,FabrizioRomano,"🚨🔴⚫️ Official, confirmed. Max Allegri has been appointed as new AC Milan head coach.

Two year deal plus one year as option. https://t.co/vgD4fqBCOu",2025-05-30T09:46:47.000Z,35975,316,1940,2418122
1928378859981844579,FabrizioRomano,"🚨 The negotiations between Liverpool and Bayer Leverkusen continue well with club to club agreement getting closer.

Liverpool expect it to be matter of time then Wirtz will join the club, as he told Bayer last week about his clear plan to sign for #LFC. https://t.co/w0XtvrEGdB",2025-05-30T09:12:02.000Z,61174,878,4665,3658697
1928377820692054268,FabrizioRomano,"💙🤍✅ Miron Muslic, new Schalke head coach as exclusively revealed. https://t.co/TxcQNGyBQp",2025-05-30T09:07:54.000Z,11869,210,458,2783527
